<document>
	<properties>
		<author email="jaran.nilsen@integrasco.no">Jaran Nilsen</author>
		<title>jade4spring download</title>
	</properties>
	<!-- Optional HEAD element, which is copied as is into the XHTML <head> element -->
	<head>

	</head>
	<body>
		<!-- The body of the document contains a number of sections -->
		<section name="For Maven 2 enabled projects">

			<p>
				Jade4Spring is available in the project's own Maven 2
				repository. The address to this repo is
				<a href="http://jade4spring.sourceforge.net/m2repo">
					http://jade4spring.sourceforge.net/m2repo
				</a>
				.
			</p>
			<p>
				The following dependency may be added to your project's
				POM:
				<source>
					<![CDATA[
<dependency>
    <groupId>net.sf.jade4spring</groupId>
    <artifactId>jade4spring</artifactId>
    <version>RELEASE</version>
</dependency>
			]]>
				</source>
				For other versions than the latest release version,
				please browse the repository.
			</p>
		</section>
		<section name="For projects not built with Maven 2">
			<p>
				For projects which are not built using Maven 2, you may
				download the jade4spring JAR and dependencies from the
				<a
					href="https://sourceforge.net/project/showfiles.php?group_id=217014">
					project download pages
				</a>
				. JavaDoc and sources are available there as well.
			</p>
		</section>

	</body>
</document>